{
  "layout": {
    "header": {
      "title": "Sistema de Cadastro de Peças Musicais",
      "logo": "logo.png",
      "menu": ["Dashboard", "Maestros", "Peças Musicais", "Configurações"]
    },
    "sidebar": {
      "items": [
        { "label": "Dashboard", "icon": "pi pi-home", "route": "/dashboard" },
        { "label": "Maestros", "icon": "pi pi-users", "route": "/maestros" },
        { "label": "Peças Musicais", "icon": "pi pi-music", "route": "/pecas" },
        {
          "label": "Configurações",
          "icon": "pi pi-cog",
          "route": "/configuracoes"
        }
      ]
    }
  },
  "theme": {
    "primaryColor": "#007bff",
    "secondaryColor": "#6c757d",
    "fontFamily": "Arial, sans-serif"
  },
  "services": {
    "apiBaseUrl": "https://api.meuprojeto.com",
    "endpoints": {
      "getMaestros": {
        "url": "/maestros",
        "method": "GET",
        "events": ["onPageLoad", "onRefreshButtonClick"]
      },
      "getPecas": {
        "url": "/pecas",
        "method": "GET",
        "events": ["onPageLoad", "onRefreshButtonClick"]
      },
      "createMaestro": {
        "url": "/maestros/create",
        "method": "POST",
        "events": ["onSubmitForm"]
      },
      "createPeca": {
        "url": "/pecas/create",
        "method": "POST",
        "events": ["onSubmitForm"]
      }
    }
  },
  "components": {
    "dashboard": {
      "cards": [
        { "title": "Total de Maestros", "value": 42, "icon": "pi pi-users" },
        {
          "title": "Total de Peças Musicais",
          "value": 128,
          "icon": "pi pi-music"
        }
      ]
    },
    "forms": {
      "maestroForm": {
        "fields": [
          {
            "name": "nome",
            "type": "text",
            "label": "Nome do Maestro",
            "required": true
          },
          {
            "name": "email",
            "type": "email",
            "label": "Email",
            "required": true
          }
        ],
        "submitEvent": "createMaestro"
      },
      "pecaForm": {
        "fields": [
          {
            "name": "titulo",
            "type": "text",
            "label": "Título da Peça",
            "required": true
          },
          {
            "name": "compositor",
            "type": "text",
            "label": "Compositor",
            "required": true
          }
        ],
        "submitEvent": "createPeca"
      }
    }
  },
  "navigation": {
    "routes": [
      { "path": "/dashboard", "component": "Dashboard" },
      { "path": "/maestros", "component": "Maestros" },
      { "path": "/pecas", "component": "Pecas" },
      { "path": "/configuracoes", "component": "Configuracoes" }
    ]
  }
}
