{
  "startsWith": "Começa com",
  "contains": "Contém",
  "notContains": "Não contém",
  "endsWith": "Termina com",
  "equals": "Igual",
  "notEquals": "Diferente",
  "noFilter": "Sem filtro",
  "lt": "Menor que",
  "lte": "Menor que ou igual a",
  "gt": "Maior que",
  "gte": "Maior que ou igual a",
  "dateIs": "Data é",
  "dateIsNot": "Data não é",
  "dateBefore": "Data é anterior",
  "dateAfter": "Data é posterior",
  "custom": "Customizado",
  "clear": "Limpar",
  "apply": "Aplicar",
  "matchAll": "Todos",
  "matchAny": "Qualquer",
  "addRule": "Adicionar Regra",
  "removeRule": "Remover Regra",
  "accept": "Sim",
  "reject": "Não",
  "choose": "Escolha",
  "upload": "Upload",
  "cancel": "Cancelar",
  "dayNames": [
    "domingo",
    "segunda",
    "terça",
    "quarta",
    "quinta",
    "sexta",
    "sábado"
  ],
  "dayNamesShort": ["dom", "seg", "ter", "qua", "qui", "sex", "sáb"],
  "dayNamesMin": ["Do", "Se", "Te", "Qa", "Qi", "Sx", "Sa"],
  "monthNames": [
    "Janeiro",
    "Fevereiro",
    "Março",
    "Abril",
    "Maio",
    "Junho",
    "Julho",
    "Agosto",
    "Setembro",
    "Outubro",
    "Novembro",
    "Dezembro"
  ],
  "monthNamesShort": [
    "Jan",
    "Fev",
    "Mar",
    "Abr",
    "Mai",
    "Jun",
    "Jul",
    "Ago",
    "Set",
    "Out",
    "Nov",
    "Dez"
  ],
  "today": "Hoje",
  "weekHeader": "Sem",
  "firstDayOfWeek": 0,
  "dateFormat": "dd/mm/yy",
  "weak": "Fraco",
  "medium": "Médio",
  "strong": "Forte",
  "passwordPrompt": "Digite uma senha",
  "emptyFilterMessage": "Sem opções disponíveis",
  "emptyMessage": "Sem resultados",
  "aria": {
    "trueLabel": "True",
    "falseLabel": "False",
    "nullLabel": "Não selecionado",
    "pageLabel": "Página",
    "firstPáginaeLabel": "Primeira Página",
    "lastPáginaeLabel": "Última Página",
    "nextPáginaeLabel": "Próxima",
    "previousPáginaeLabel": "Anterior"
  }
}
